factset_model_code,fund_legal_name,mandate_code,sales_charge_code,saa_taa
"100E_C","Canadian Equity Managed Class","25004","13617","SAA"
"100E_C","Canadian Equity Managed Class","25004","25005","SAA"
"100E_C","Canadian Equity Managed Class","25004","25205","SAA"
"100E_C","Canadian Equity Managed Class","25004","25405","SAA"
"100E_C","Canadian Equity Managed Class","25004","25605","SAA"
"100E_C","Canadian Equity Managed Class","25004","26005","SAA"
"100E_C","Canadian Equity Managed Class","25004","26205","SAA"
"100E_C","Canadian Equity Managed Class","25004","26405","SAA"
"100E_C","Canadian Equity Managed Class","25004","26605","SAA"
"100E_C","Canadian Equity Managed Class","25004","27005","SAA"
"100E_C","Canadian Equity Managed Class","25004","27505","SAA"
"100E_C","Canadian Equity Managed Class","25004","28005","SAA"
"100E_C","Canadian Equity Managed Class","25004","28505","SAA"
"100E_C","Canadian Equity Managed Class","25004","29005","SAA"
"100E_C","Canadian Equity Managed Class","25004","29505","SAA"
"100E_C","Canadian Equity Managed Class","25004","9046","SAA"
"100E_C","International Equity Managed Class","25008","13619","SAA"
"100E_C","International Equity Managed Class","25008","25009","SAA"
"100E_C","International Equity Managed Class","25008","25209","SAA"
"100E_C","International Equity Managed Class","25008","25409","SAA"
"100E_C","International Equity Managed Class","25008","25609","SAA"
"100E_C","International Equity Managed Class","25008","26009","SAA"
"100E_C","International Equity Managed Class","25008","26209","SAA"
"100E_C","International Equity Managed Class","25008","26409","SAA"
"100E_C","International Equity Managed Class","25008","26609","SAA"
"100E_C","International Equity Managed Class","25008","27009","SAA"
"100E_C","International Equity Managed Class","25008","27509","SAA"
"100E_C","International Equity Managed Class","25008","28009","SAA"
"100E_C","International Equity Managed Class","25008","28509","SAA"
"100E_C","International Equity Managed Class","25008","29009","SAA"
"100E_C","International Equity Managed Class","25008","29509","SAA"
"100E_C","International Equity Managed Class","25008","9082","SAA"
"100E_C","Tactical Asset Allocation Equity Class","25026","13616","TAA"
"100E_C","Tactical Asset Allocation Equity Class","25026","25027","TAA"
"100E_C","Tactical Asset Allocation Equity Class","25026","25227","TAA"
"100E_C","Tactical Asset Allocation Equity Class","25026","25427","TAA"
"100E_C","Tactical Asset Allocation Equity Class","25026","25627","TAA"
"100E_C","Tactical Asset Allocation Equity Class","25026","26027","TAA"
"100E_C","Tactical Asset Allocation Equity Class","25026","26227","TAA"
"100E_C","Tactical Asset Allocation Equity Class","25026","26427","TAA"
"100E_C","Tactical Asset Allocation Equity Class","25026","26627","TAA"
"100E_C","Tactical Asset Allocation Equity Class","25026","27027","TAA"
"100E_C","Tactical Asset Allocation Equity Class","25026","27527","TAA"
"100E_C","Tactical Asset Allocation Equity Class","25026","28027","TAA"
"100E_C","Tactical Asset Allocation Equity Class","25026","28527","TAA"
"100E_C","Tactical Asset Allocation Equity Class","25026","29027","TAA"
"100E_C","Tactical Asset Allocation Equity Class","25026","29527","TAA"
"100E_C","Tactical Asset Allocation Equity Class","25026","9499","TAA"
"100E_C","U.S. Equity Managed Class","25006","13618","SAA"
"100E_C","U.S. Equity Managed Class","25006","25007","SAA"
"100E_C","U.S. Equity Managed Class","25006","25207","SAA"
"100E_C","U.S. Equity Managed Class","25006","25407","SAA"
"100E_C","U.S. Equity Managed Class","25006","25607","SAA"
"100E_C","U.S. Equity Managed Class","25006","26007","SAA"
"100E_C","U.S. Equity Managed Class","25006","26207","SAA"
"100E_C","U.S. Equity Managed Class","25006","26407","SAA"
"100E_C","U.S. Equity Managed Class","25006","26607","SAA"
"100E_C","U.S. Equity Managed Class","25006","27007","SAA"
"100E_C","U.S. Equity Managed Class","25006","27507","SAA"
"100E_C","U.S. Equity Managed Class","25006","28007","SAA"
"100E_C","U.S. Equity Managed Class","25006","28507","SAA"
"100E_C","U.S. Equity Managed Class","25006","29007","SAA"
"100E_C","U.S. Equity Managed Class","25006","29507","SAA"
"100E_C","U.S. Equity Managed Class","25006","9048","SAA"
"100E_P","Canadian Equity Managed Pool","25004","25004","SAA"
"100E_P","Canadian Equity Managed Pool","25004","25204","SAA"
"100E_P","Canadian Equity Managed Pool","25004","25404","SAA"
"100E_P","Canadian Equity Managed Pool","25004","25604","SAA"
"100E_P","Canadian Equity Managed Pool","25004","27004","SAA"
"100E_P","Canadian Equity Managed Pool","25004","28004","SAA"
"100E_P","Canadian Equity Managed Pool","25004","29004","SAA"
"100E_P","Canadian Equity Managed Pool","25004","9081","SAA"
"100E_P","International Equity Managed Pool","25008","25008","SAA"
"100E_P","International Equity Managed Pool","25008","25208","SAA"
"100E_P","International Equity Managed Pool","25008","25408","SAA"
"100E_P","International Equity Managed Pool","25008","25608","SAA"
"100E_P","International Equity Managed Pool","25008","27008","SAA"
"100E_P","International Equity Managed Pool","25008","28008","SAA"
"100E_P","International Equity Managed Pool","25008","29008","SAA"
"100E_P","International Equity Managed Pool","25008","9049","SAA"
"100E_P","Tactical Asset Allocation Equity Pool","25026","25026","TAA"
"100E_P","Tactical Asset Allocation Equity Pool","25026","25226","TAA"
"100E_P","Tactical Asset Allocation Equity Pool","25026","25426","TAA"
"100E_P","Tactical Asset Allocation Equity Pool","25026","25626","TAA"
"100E_P","Tactical Asset Allocation Equity Pool","25026","27026","TAA"
"100E_P","Tactical Asset Allocation Equity Pool","25026","28026","TAA"
"100E_P","Tactical Asset Allocation Equity Pool","25026","29026","TAA"
"100E_P","Tactical Asset Allocation Equity Pool","25026","9498","TAA"
"100E_P","U.S. Equity Managed Pool","25006","25006","SAA"
"100E_P","U.S. Equity Managed Pool","25006","25206","SAA"
"100E_P","U.S. Equity Managed Pool","25006","25406","SAA"
"100E_P","U.S. Equity Managed Pool","25006","25606","SAA"
"100E_P","U.S. Equity Managed Pool","25006","27006","SAA"
"100E_P","U.S. Equity Managed Pool","25006","28006","SAA"
"100E_P","U.S. Equity Managed Pool","25006","29006","SAA"
"100E_P","U.S. Equity Managed Pool","25006","9047","SAA"
"100I_C","Fixed Income Managed Class","25000","13620","SAA"
"100I_C","Fixed Income Managed Class","25000","25001","SAA"
"100I_C","Fixed Income Managed Class","25000","25201","SAA"
"100I_C","Fixed Income Managed Class","25000","25401","SAA"
"100I_C","Fixed Income Managed Class","25000","25601","SAA"
"100I_C","Fixed Income Managed Class","25000","26001","SAA"
"100I_C","Fixed Income Managed Class","25000","26201","SAA"
"100I_C","Fixed Income Managed Class","25000","26401","SAA"
"100I_C","Fixed Income Managed Class","25000","26601","SAA"
"100I_C","Fixed Income Managed Class","25000","27001","SAA"
"100I_C","Fixed Income Managed Class","25000","27501","SAA"
"100I_C","Fixed Income Managed Class","25000","28001","SAA"
"100I_C","Fixed Income Managed Class","25000","28501","SAA"
"100I_C","Fixed Income Managed Class","25000","29001","SAA"
"100I_C","Fixed Income Managed Class","25000","29501","SAA"
"100I_C","Fixed Income Managed Class","25000","9084","SAA"
"100I_C","Tactical Asset Allocation Income Class","25010","13608","TAA"
"100I_C","Tactical Asset Allocation Income Class","25010","25011","TAA"
"100I_C","Tactical Asset Allocation Income Class","25010","25211","TAA"
"100I_C","Tactical Asset Allocation Income Class","25010","25411","TAA"
"100I_C","Tactical Asset Allocation Income Class","25010","25611","TAA"
"100I_C","Tactical Asset Allocation Income Class","25010","26011","TAA"
"100I_C","Tactical Asset Allocation Income Class","25010","26211","TAA"
"100I_C","Tactical Asset Allocation Income Class","25010","26411","TAA"
"100I_C","Tactical Asset Allocation Income Class","25010","26611","TAA"
"100I_C","Tactical Asset Allocation Income Class","25010","27011","TAA"
"100I_C","Tactical Asset Allocation Income Class","25010","27511","TAA"
"100I_C","Tactical Asset Allocation Income Class","25010","28011","TAA"
"100I_C","Tactical Asset Allocation Income Class","25010","28511","TAA"
"100I_C","Tactical Asset Allocation Income Class","25010","29011","TAA"
"100I_C","Tactical Asset Allocation Income Class","25010","29511","TAA"
"100I_C","Tactical Asset Allocation Income Class","25010","9919","TAA"
"100I_P","Fixed Income Managed Pool","25000","25000","SAA"
"100I_P","Fixed Income Managed Pool","25000","25200","SAA"
"100I_P","Fixed Income Managed Pool","25000","25400","SAA"
"100I_P","Fixed Income Managed Pool","25000","25600","SAA"
"100I_P","Fixed Income Managed Pool","25000","27000","SAA"
"100I_P","Fixed Income Managed Pool","25000","28000","SAA"
"100I_P","Fixed Income Managed Pool","25000","29000","SAA"
"100I_P","Fixed Income Managed Pool","25000","9083","SAA"
"100I_P","Tactical Asset Allocation Income Pool","25010","25010","TAA"
"100I_P","Tactical Asset Allocation Income Pool","25010","25210","TAA"
"100I_P","Tactical Asset Allocation Income Pool","25010","25410","TAA"
"100I_P","Tactical Asset Allocation Income Pool","25010","25610","TAA"
"100I_P","Tactical Asset Allocation Income Pool","25010","27010","TAA"
"100I_P","Tactical Asset Allocation Income Pool","25010","28010","TAA"
"100I_P","Tactical Asset Allocation Income Pool","25010","29010","TAA"
"100I_P","Tactical Asset Allocation Income Pool","25010","9918","TAA"
"20I80E_C","Canadian Equity Managed Class","25004","13617","SAA"
"20I80E_C","Canadian Equity Managed Class","25004","25005","SAA"
"20I80E_C","Canadian Equity Managed Class","25004","25205","SAA"
"20I80E_C","Canadian Equity Managed Class","25004","25405","SAA"
"20I80E_C","Canadian Equity Managed Class","25004","25605","SAA"
"20I80E_C","Canadian Equity Managed Class","25004","26005","SAA"
"20I80E_C","Canadian Equity Managed Class","25004","26205","SAA"
"20I80E_C","Canadian Equity Managed Class","25004","26405","SAA"
"20I80E_C","Canadian Equity Managed Class","25004","26605","SAA"
"20I80E_C","Canadian Equity Managed Class","25004","27005","SAA"
"20I80E_C","Canadian Equity Managed Class","25004","27505","SAA"
"20I80E_C","Canadian Equity Managed Class","25004","28005","SAA"
"20I80E_C","Canadian Equity Managed Class","25004","28505","SAA"
"20I80E_C","Canadian Equity Managed Class","25004","29005","SAA"
"20I80E_C","Canadian Equity Managed Class","25004","29505","SAA"
"20I80E_C","Canadian Equity Managed Class","25004","9046","SAA"
"20I80E_C","Fixed Income Managed Class","25000","13620","SAA"
"20I80E_C","Fixed Income Managed Class","25000","25001","SAA"
"20I80E_C","Fixed Income Managed Class","25000","25201","SAA"
"20I80E_C","Fixed Income Managed Class","25000","25401","SAA"
"20I80E_C","Fixed Income Managed Class","25000","25601","SAA"
"20I80E_C","Fixed Income Managed Class","25000","26001","SAA"
"20I80E_C","Fixed Income Managed Class","25000","26201","SAA"
"20I80E_C","Fixed Income Managed Class","25000","26401","SAA"
"20I80E_C","Fixed Income Managed Class","25000","26601","SAA"
"20I80E_C","Fixed Income Managed Class","25000","27001","SAA"
"20I80E_C","Fixed Income Managed Class","25000","27501","SAA"
"20I80E_C","Fixed Income Managed Class","25000","28001","SAA"
"20I80E_C","Fixed Income Managed Class","25000","28501","SAA"
"20I80E_C","Fixed Income Managed Class","25000","29001","SAA"
"20I80E_C","Fixed Income Managed Class","25000","29501","SAA"
"20I80E_C","Fixed Income Managed Class","25000","9084","SAA"
"20I80E_C","International Equity Managed Class","25008","13619","SAA"
"20I80E_C","International Equity Managed Class","25008","25009","SAA"
"20I80E_C","International Equity Managed Class","25008","25209","SAA"
"20I80E_C","International Equity Managed Class","25008","25409","SAA"
"20I80E_C","International Equity Managed Class","25008","25609","SAA"
"20I80E_C","International Equity Managed Class","25008","26009","SAA"
"20I80E_C","International Equity Managed Class","25008","26209","SAA"
"20I80E_C","International Equity Managed Class","25008","26409","SAA"
"20I80E_C","International Equity Managed Class","25008","26609","SAA"
"20I80E_C","International Equity Managed Class","25008","27009","SAA"
"20I80E_C","International Equity Managed Class","25008","27509","SAA"
"20I80E_C","International Equity Managed Class","25008","28009","SAA"
"20I80E_C","International Equity Managed Class","25008","28509","SAA"
"20I80E_C","International Equity Managed Class","25008","29009","SAA"
"20I80E_C","International Equity Managed Class","25008","29509","SAA"
"20I80E_C","International Equity Managed Class","25008","9082","SAA"
"20I80E_C","Tactical Asset Allocation Growth Class","25024","13615","TAA"
"20I80E_C","Tactical Asset Allocation Growth Class","25024","25025","TAA"
"20I80E_C","Tactical Asset Allocation Growth Class","25024","25225","TAA"
"20I80E_C","Tactical Asset Allocation Growth Class","25024","25425","TAA"
"20I80E_C","Tactical Asset Allocation Growth Class","25024","25625","TAA"
"20I80E_C","Tactical Asset Allocation Growth Class","25024","26025","TAA"
"20I80E_C","Tactical Asset Allocation Growth Class","25024","26225","TAA"
"20I80E_C","Tactical Asset Allocation Growth Class","25024","26425","TAA"
"20I80E_C","Tactical Asset Allocation Growth Class","25024","26625","TAA"
"20I80E_C","Tactical Asset Allocation Growth Class","25024","27025","TAA"
"20I80E_C","Tactical Asset Allocation Growth Class","25024","27525","TAA"
"20I80E_C","Tactical Asset Allocation Growth Class","25024","28025","TAA"
"20I80E_C","Tactical Asset Allocation Growth Class","25024","28525","TAA"
"20I80E_C","Tactical Asset Allocation Growth Class","25024","29025","TAA"
"20I80E_C","Tactical Asset Allocation Growth Class","25024","29525","TAA"
"20I80E_C","Tactical Asset Allocation Growth Class","25024","9479","TAA"
"20I80E_C","U.S. Equity Managed Class","25006","13618","SAA"
"20I80E_C","U.S. Equity Managed Class","25006","25007","SAA"
"20I80E_C","U.S. Equity Managed Class","25006","25207","SAA"
"20I80E_C","U.S. Equity Managed Class","25006","25407","SAA"
"20I80E_C","U.S. Equity Managed Class","25006","25607","SAA"
"20I80E_C","U.S. Equity Managed Class","25006","26007","SAA"
"20I80E_C","U.S. Equity Managed Class","25006","26207","SAA"
"20I80E_C","U.S. Equity Managed Class","25006","26407","SAA"
"20I80E_C","U.S. Equity Managed Class","25006","26607","SAA"
"20I80E_C","U.S. Equity Managed Class","25006","27007","SAA"
"20I80E_C","U.S. Equity Managed Class","25006","27507","SAA"
"20I80E_C","U.S. Equity Managed Class","25006","28007","SAA"
"20I80E_C","U.S. Equity Managed Class","25006","28507","SAA"
"20I80E_C","U.S. Equity Managed Class","25006","29007","SAA"
"20I80E_C","U.S. Equity Managed Class","25006","29507","SAA"
"20I80E_C","U.S. Equity Managed Class","25006","9048","SAA"
"20I80E_P","Canadian Equity Managed Pool","25004","25004","SAA"
"20I80E_P","Canadian Equity Managed Pool","25004","25204","SAA"
"20I80E_P","Canadian Equity Managed Pool","25004","25404","SAA"
"20I80E_P","Canadian Equity Managed Pool","25004","25604","SAA"
"20I80E_P","Canadian Equity Managed Pool","25004","27004","SAA"
"20I80E_P","Canadian Equity Managed Pool","25004","28004","SAA"
"20I80E_P","Canadian Equity Managed Pool","25004","29004","SAA"
"20I80E_P","Canadian Equity Managed Pool","25004","9081","SAA"
"20I80E_P","Fixed Income Managed Pool","25000","25000","SAA"
"20I80E_P","Fixed Income Managed Pool","25000","25200","SAA"
"20I80E_P","Fixed Income Managed Pool","25000","25400","SAA"
"20I80E_P","Fixed Income Managed Pool","25000","25600","SAA"
"20I80E_P","Fixed Income Managed Pool","25000","27000","SAA"
"20I80E_P","Fixed Income Managed Pool","25000","28000","SAA"
"20I80E_P","Fixed Income Managed Pool","25000","29000","SAA"
"20I80E_P","Fixed Income Managed Pool","25000","9083","SAA"
"20I80E_P","International Equity Managed Pool","25008","25008","SAA"
"20I80E_P","International Equity Managed Pool","25008","25208","SAA"
"20I80E_P","International Equity Managed Pool","25008","25408","SAA"
"20I80E_P","International Equity Managed Pool","25008","25608","SAA"
"20I80E_P","International Equity Managed Pool","25008","27008","SAA"
"20I80E_P","International Equity Managed Pool","25008","28008","SAA"
"20I80E_P","International Equity Managed Pool","25008","29008","SAA"
"20I80E_P","International Equity Managed Pool","25008","9049","SAA"
"20I80E_P","Tactical Asset Allocation Growth Pool","25024","25024","TAA"
"20I80E_P","Tactical Asset Allocation Growth Pool","25024","25224","TAA"
"20I80E_P","Tactical Asset Allocation Growth Pool","25024","25424","TAA"
"20I80E_P","Tactical Asset Allocation Growth Pool","25024","25624","TAA"
"20I80E_P","Tactical Asset Allocation Growth Pool","25024","27024","TAA"
"20I80E_P","Tactical Asset Allocation Growth Pool","25024","28024","TAA"
"20I80E_P","Tactical Asset Allocation Growth Pool","25024","29024","TAA"
"20I80E_P","Tactical Asset Allocation Growth Pool","25024","9469","TAA"
"20I80E_P","U.S. Equity Managed Pool","25006","25006","SAA"
"20I80E_P","U.S. Equity Managed Pool","25006","25206","SAA"
"20I80E_P","U.S. Equity Managed Pool","25006","25406","SAA"
"20I80E_P","U.S. Equity Managed Pool","25006","25606","SAA"
"20I80E_P","U.S. Equity Managed Pool","25006","27006","SAA"
"20I80E_P","U.S. Equity Managed Pool","25006","28006","SAA"
"20I80E_P","U.S. Equity Managed Pool","25006","29006","SAA"
"20I80E_P","U.S. Equity Managed Pool","25006","9047","SAA"
"30I70E_C","Canadian Equity Managed Class","25004","13617","SAA"
"30I70E_C","Canadian Equity Managed Class","25004","25005","SAA"
"30I70E_C","Canadian Equity Managed Class","25004","25205","SAA"
"30I70E_C","Canadian Equity Managed Class","25004","25405","SAA"
"30I70E_C","Canadian Equity Managed Class","25004","25605","SAA"
"30I70E_C","Canadian Equity Managed Class","25004","26005","SAA"
"30I70E_C","Canadian Equity Managed Class","25004","26205","SAA"
"30I70E_C","Canadian Equity Managed Class","25004","26405","SAA"
"30I70E_C","Canadian Equity Managed Class","25004","26605","SAA"
"30I70E_C","Canadian Equity Managed Class","25004","27005","SAA"
"30I70E_C","Canadian Equity Managed Class","25004","27505","SAA"
"30I70E_C","Canadian Equity Managed Class","25004","28005","SAA"
"30I70E_C","Canadian Equity Managed Class","25004","28505","SAA"
"30I70E_C","Canadian Equity Managed Class","25004","29005","SAA"
"30I70E_C","Canadian Equity Managed Class","25004","29505","SAA"
"30I70E_C","Canadian Equity Managed Class","25004","9046","SAA"
"30I70E_C","Fixed Income Managed Class","25000","13620","SAA"
"30I70E_C","Fixed Income Managed Class","25000","25001","SAA"
"30I70E_C","Fixed Income Managed Class","25000","25201","SAA"
"30I70E_C","Fixed Income Managed Class","25000","25401","SAA"
"30I70E_C","Fixed Income Managed Class","25000","25601","SAA"
"30I70E_C","Fixed Income Managed Class","25000","26001","SAA"
"30I70E_C","Fixed Income Managed Class","25000","26201","SAA"
"30I70E_C","Fixed Income Managed Class","25000","26401","SAA"
"30I70E_C","Fixed Income Managed Class","25000","26601","SAA"
"30I70E_C","Fixed Income Managed Class","25000","27001","SAA"
"30I70E_C","Fixed Income Managed Class","25000","27501","SAA"
"30I70E_C","Fixed Income Managed Class","25000","28001","SAA"
"30I70E_C","Fixed Income Managed Class","25000","28501","SAA"
"30I70E_C","Fixed Income Managed Class","25000","29001","SAA"
"30I70E_C","Fixed Income Managed Class","25000","29501","SAA"
"30I70E_C","Fixed Income Managed Class","25000","9084","SAA"
"30I70E_C","International Equity Managed Class","25008","13619","SAA"
"30I70E_C","International Equity Managed Class","25008","25009","SAA"
"30I70E_C","International Equity Managed Class","25008","25209","SAA"
"30I70E_C","International Equity Managed Class","25008","25409","SAA"
"30I70E_C","International Equity Managed Class","25008","25609","SAA"
"30I70E_C","International Equity Managed Class","25008","26009","SAA"
"30I70E_C","International Equity Managed Class","25008","26209","SAA"
"30I70E_C","International Equity Managed Class","25008","26409","SAA"
"30I70E_C","International Equity Managed Class","25008","26609","SAA"
"30I70E_C","International Equity Managed Class","25008","27009","SAA"
"30I70E_C","International Equity Managed Class","25008","27509","SAA"
"30I70E_C","International Equity Managed Class","25008","28009","SAA"
"30I70E_C","International Equity Managed Class","25008","28509","SAA"
"30I70E_C","International Equity Managed Class","25008","29009","SAA"
"30I70E_C","International Equity Managed Class","25008","29509","SAA"
"30I70E_C","International Equity Managed Class","25008","9082","SAA"
"30I70E_C","Tactical Asset Allocation Balanced Growth Class","25022","13614","TAA"
"30I70E_C","Tactical Asset Allocation Balanced Growth Class","25022","25023","TAA"
"30I70E_C","Tactical Asset Allocation Balanced Growth Class","25022","25223","TAA"
"30I70E_C","Tactical Asset Allocation Balanced Growth Class","25022","25423","TAA"
"30I70E_C","Tactical Asset Allocation Balanced Growth Class","25022","25623","TAA"
"30I70E_C","Tactical Asset Allocation Balanced Growth Class","25022","26023","TAA"
"30I70E_C","Tactical Asset Allocation Balanced Growth Class","25022","26223","TAA"
"30I70E_C","Tactical Asset Allocation Balanced Growth Class","25022","26423","TAA"
"30I70E_C","Tactical Asset Allocation Balanced Growth Class","25022","26623","TAA"
"30I70E_C","Tactical Asset Allocation Balanced Growth Class","25022","27023","TAA"
"30I70E_C","Tactical Asset Allocation Balanced Growth Class","25022","27523","TAA"
"30I70E_C","Tactical Asset Allocation Balanced Growth Class","25022","28023","TAA"
"30I70E_C","Tactical Asset Allocation Balanced Growth Class","25022","28523","TAA"
"30I70E_C","Tactical Asset Allocation Balanced Growth Class","25022","29023","TAA"
"30I70E_C","Tactical Asset Allocation Balanced Growth Class","25022","29523","TAA"
"30I70E_C","Tactical Asset Allocation Balanced Growth Class","25022","9459","TAA"
"30I70E_C","U.S. Equity Managed Class","25006","13618","SAA"
"30I70E_C","U.S. Equity Managed Class","25006","25007","SAA"
"30I70E_C","U.S. Equity Managed Class","25006","25207","SAA"
"30I70E_C","U.S. Equity Managed Class","25006","25407","SAA"
"30I70E_C","U.S. Equity Managed Class","25006","25607","SAA"
"30I70E_C","U.S. Equity Managed Class","25006","26007","SAA"
"30I70E_C","U.S. Equity Managed Class","25006","26207","SAA"
"30I70E_C","U.S. Equity Managed Class","25006","26407","SAA"
"30I70E_C","U.S. Equity Managed Class","25006","26607","SAA"
"30I70E_C","U.S. Equity Managed Class","25006","27007","SAA"
"30I70E_C","U.S. Equity Managed Class","25006","27507","SAA"
"30I70E_C","U.S. Equity Managed Class","25006","28007","SAA"
"30I70E_C","U.S. Equity Managed Class","25006","28507","SAA"
"30I70E_C","U.S. Equity Managed Class","25006","29007","SAA"
"30I70E_C","U.S. Equity Managed Class","25006","29507","SAA"
"30I70E_C","U.S. Equity Managed Class","25006","9048","SAA"
"30I70E_P","Canadian Equity Managed Pool","25004","25004","SAA"
"30I70E_P","Canadian Equity Managed Pool","25004","25204","SAA"
"30I70E_P","Canadian Equity Managed Pool","25004","25404","SAA"
"30I70E_P","Canadian Equity Managed Pool","25004","25604","SAA"
"30I70E_P","Canadian Equity Managed Pool","25004","27004","SAA"
"30I70E_P","Canadian Equity Managed Pool","25004","28004","SAA"
"30I70E_P","Canadian Equity Managed Pool","25004","29004","SAA"
"30I70E_P","Canadian Equity Managed Pool","25004","9081","SAA"
"30I70E_P","Fixed Income Managed Pool","25000","25000","SAA"
"30I70E_P","Fixed Income Managed Pool","25000","25200","SAA"
"30I70E_P","Fixed Income Managed Pool","25000","25400","SAA"
"30I70E_P","Fixed Income Managed Pool","25000","25600","SAA"
"30I70E_P","Fixed Income Managed Pool","25000","27000","SAA"
"30I70E_P","Fixed Income Managed Pool","25000","28000","SAA"
"30I70E_P","Fixed Income Managed Pool","25000","29000","SAA"
"30I70E_P","Fixed Income Managed Pool","25000","9083","SAA"
"30I70E_P","International Equity Managed Pool","25008","25008","SAA"
"30I70E_P","International Equity Managed Pool","25008","25208","SAA"
"30I70E_P","International Equity Managed Pool","25008","25408","SAA"
"30I70E_P","International Equity Managed Pool","25008","25608","SAA"
"30I70E_P","International Equity Managed Pool","25008","27008","SAA"
"30I70E_P","International Equity Managed Pool","25008","28008","SAA"
"30I70E_P","International Equity Managed Pool","25008","29008","SAA"
"30I70E_P","International Equity Managed Pool","25008","9049","SAA"
"30I70E_P","Tactical Asset Allocation Balanced Growth Pool","25022","25022","TAA"
"30I70E_P","Tactical Asset Allocation Balanced Growth Pool","25022","25222","TAA"
"30I70E_P","Tactical Asset Allocation Balanced Growth Pool","25022","25422","TAA"
"30I70E_P","Tactical Asset Allocation Balanced Growth Pool","25022","25622","TAA"
"30I70E_P","Tactical Asset Allocation Balanced Growth Pool","25022","27022","TAA"
"30I70E_P","Tactical Asset Allocation Balanced Growth Pool","25022","28022","TAA"
"30I70E_P","Tactical Asset Allocation Balanced Growth Pool","25022","29022","TAA"
"30I70E_P","Tactical Asset Allocation Balanced Growth Pool","25022","9458","TAA"
"30I70E_P","U.S. Equity Managed Pool","25006","25006","SAA"
"30I70E_P","U.S. Equity Managed Pool","25006","25206","SAA"
"30I70E_P","U.S. Equity Managed Pool","25006","25406","SAA"
"30I70E_P","U.S. Equity Managed Pool","25006","25606","SAA"
"30I70E_P","U.S. Equity Managed Pool","25006","27006","SAA"
"30I70E_P","U.S. Equity Managed Pool","25006","28006","SAA"
"30I70E_P","U.S. Equity Managed Pool","25006","29006","SAA"
"30I70E_P","U.S. Equity Managed Pool","25006","9047","SAA"
"40I60E_C","Canadian Equity Managed Class","25004","13617","SAA"
"40I60E_C","Canadian Equity Managed Class","25004","25005","SAA"
"40I60E_C","Canadian Equity Managed Class","25004","25205","SAA"
"40I60E_C","Canadian Equity Managed Class","25004","25405","SAA"
"40I60E_C","Canadian Equity Managed Class","25004","25605","SAA"
"40I60E_C","Canadian Equity Managed Class","25004","26005","SAA"
"40I60E_C","Canadian Equity Managed Class","25004","26205","SAA"
"40I60E_C","Canadian Equity Managed Class","25004","26405","SAA"
"40I60E_C","Canadian Equity Managed Class","25004","26605","SAA"
"40I60E_C","Canadian Equity Managed Class","25004","27005","SAA"
"40I60E_C","Canadian Equity Managed Class","25004","27505","SAA"
"40I60E_C","Canadian Equity Managed Class","25004","28005","SAA"
"40I60E_C","Canadian Equity Managed Class","25004","28505","SAA"
"40I60E_C","Canadian Equity Managed Class","25004","29005","SAA"
"40I60E_C","Canadian Equity Managed Class","25004","29505","SAA"
"40I60E_C","Canadian Equity Managed Class","25004","9046","SAA"
"40I60E_C","Fixed Income Managed Class","25000","13620","SAA"
"40I60E_C","Fixed Income Managed Class","25000","25001","SAA"
"40I60E_C","Fixed Income Managed Class","25000","25201","SAA"
"40I60E_C","Fixed Income Managed Class","25000","25401","SAA"
"40I60E_C","Fixed Income Managed Class","25000","25601","SAA"
"40I60E_C","Fixed Income Managed Class","25000","26001","SAA"
"40I60E_C","Fixed Income Managed Class","25000","26201","SAA"
"40I60E_C","Fixed Income Managed Class","25000","26401","SAA"
"40I60E_C","Fixed Income Managed Class","25000","26601","SAA"
"40I60E_C","Fixed Income Managed Class","25000","27001","SAA"
"40I60E_C","Fixed Income Managed Class","25000","27501","SAA"
"40I60E_C","Fixed Income Managed Class","25000","28001","SAA"
"40I60E_C","Fixed Income Managed Class","25000","28501","SAA"
"40I60E_C","Fixed Income Managed Class","25000","29001","SAA"
"40I60E_C","Fixed Income Managed Class","25000","29501","SAA"
"40I60E_C","Fixed Income Managed Class","25000","9084","SAA"
"40I60E_C","International Equity Managed Class","25008","13619","SAA"
"40I60E_C","International Equity Managed Class","25008","25009","SAA"
"40I60E_C","International Equity Managed Class","25008","25209","SAA"
"40I60E_C","International Equity Managed Class","25008","25409","SAA"
"40I60E_C","International Equity Managed Class","25008","25609","SAA"
"40I60E_C","International Equity Managed Class","25008","26009","SAA"
"40I60E_C","International Equity Managed Class","25008","26209","SAA"
"40I60E_C","International Equity Managed Class","25008","26409","SAA"
"40I60E_C","International Equity Managed Class","25008","26609","SAA"
"40I60E_C","International Equity Managed Class","25008","27009","SAA"
"40I60E_C","International Equity Managed Class","25008","27509","SAA"
"40I60E_C","International Equity Managed Class","25008","28009","SAA"
"40I60E_C","International Equity Managed Class","25008","28509","SAA"
"40I60E_C","International Equity Managed Class","25008","29009","SAA"
"40I60E_C","International Equity Managed Class","25008","29509","SAA"
"40I60E_C","International Equity Managed Class","25008","9082","SAA"
"40I60E_C","Tactical Asset Allocation Balanced Class","25020","13613","TAA"
"40I60E_C","Tactical Asset Allocation Balanced Class","25020","25021","TAA"
"40I60E_C","Tactical Asset Allocation Balanced Class","25020","25221","TAA"
"40I60E_C","Tactical Asset Allocation Balanced Class","25020","25421","TAA"
"40I60E_C","Tactical Asset Allocation Balanced Class","25020","25621","TAA"
"40I60E_C","Tactical Asset Allocation Balanced Class","25020","26021","TAA"
"40I60E_C","Tactical Asset Allocation Balanced Class","25020","26221","TAA"
"40I60E_C","Tactical Asset Allocation Balanced Class","25020","26421","TAA"
"40I60E_C","Tactical Asset Allocation Balanced Class","25020","26621","TAA"
"40I60E_C","Tactical Asset Allocation Balanced Class","25020","27021","TAA"
"40I60E_C","Tactical Asset Allocation Balanced Class","25020","27521","TAA"
"40I60E_C","Tactical Asset Allocation Balanced Class","25020","28021","TAA"
"40I60E_C","Tactical Asset Allocation Balanced Class","25020","28521","TAA"
"40I60E_C","Tactical Asset Allocation Balanced Class","25020","29021","TAA"
"40I60E_C","Tactical Asset Allocation Balanced Class","25020","29521","TAA"
"40I60E_C","Tactical Asset Allocation Balanced Class","25020","9457","TAA"
"40I60E_C","U.S. Equity Managed Class","25006","13618","SAA"
"40I60E_C","U.S. Equity Managed Class","25006","25007","SAA"
"40I60E_C","U.S. Equity Managed Class","25006","25207","SAA"
"40I60E_C","U.S. Equity Managed Class","25006","25407","SAA"
"40I60E_C","U.S. Equity Managed Class","25006","25607","SAA"
"40I60E_C","U.S. Equity Managed Class","25006","26007","SAA"
"40I60E_C","U.S. Equity Managed Class","25006","26207","SAA"
"40I60E_C","U.S. Equity Managed Class","25006","26407","SAA"
"40I60E_C","U.S. Equity Managed Class","25006","26607","SAA"
"40I60E_C","U.S. Equity Managed Class","25006","27007","SAA"
"40I60E_C","U.S. Equity Managed Class","25006","27507","SAA"
"40I60E_C","U.S. Equity Managed Class","25006","28007","SAA"
"40I60E_C","U.S. Equity Managed Class","25006","28507","SAA"
"40I60E_C","U.S. Equity Managed Class","25006","29007","SAA"
"40I60E_C","U.S. Equity Managed Class","25006","29507","SAA"
"40I60E_C","U.S. Equity Managed Class","25006","9048","SAA"
"40I60E_P","Canadian Equity Managed Pool","25004","25004","SAA"
"40I60E_P","Canadian Equity Managed Pool","25004","25204","SAA"
"40I60E_P","Canadian Equity Managed Pool","25004","25404","SAA"
"40I60E_P","Canadian Equity Managed Pool","25004","25604","SAA"
"40I60E_P","Canadian Equity Managed Pool","25004","27004","SAA"
"40I60E_P","Canadian Equity Managed Pool","25004","28004","SAA"
"40I60E_P","Canadian Equity Managed Pool","25004","29004","SAA"
"40I60E_P","Canadian Equity Managed Pool","25004","9081","SAA"
"40I60E_P","Fixed Income Managed Pool","25000","25000","SAA"
"40I60E_P","Fixed Income Managed Pool","25000","25200","SAA"
"40I60E_P","Fixed Income Managed Pool","25000","25400","SAA"
"40I60E_P","Fixed Income Managed Pool","25000","25600","SAA"
"40I60E_P","Fixed Income Managed Pool","25000","27000","SAA"
"40I60E_P","Fixed Income Managed Pool","25000","28000","SAA"
"40I60E_P","Fixed Income Managed Pool","25000","29000","SAA"
"40I60E_P","Fixed Income Managed Pool","25000","9083","SAA"
"40I60E_P","International Equity Managed Pool","25008","25008","SAA"
"40I60E_P","International Equity Managed Pool","25008","25208","SAA"
"40I60E_P","International Equity Managed Pool","25008","25408","SAA"
"40I60E_P","International Equity Managed Pool","25008","25608","SAA"
"40I60E_P","International Equity Managed Pool","25008","27008","SAA"
"40I60E_P","International Equity Managed Pool","25008","28008","SAA"
"40I60E_P","International Equity Managed Pool","25008","29008","SAA"
"40I60E_P","International Equity Managed Pool","25008","9049","SAA"
"40I60E_P","Tactical Asset Allocation Balanced Pool","25020","25020","TAA"
"40I60E_P","Tactical Asset Allocation Balanced Pool","25020","25220","TAA"
"40I60E_P","Tactical Asset Allocation Balanced Pool","25020","25420","TAA"
"40I60E_P","Tactical Asset Allocation Balanced Pool","25020","25620","TAA"
"40I60E_P","Tactical Asset Allocation Balanced Pool","25020","27020","TAA"
"40I60E_P","Tactical Asset Allocation Balanced Pool","25020","28020","TAA"
"40I60E_P","Tactical Asset Allocation Balanced Pool","25020","29020","TAA"
"40I60E_P","Tactical Asset Allocation Balanced Pool","25020","9419","TAA"
"40I60E_P","U.S. Equity Managed Pool","25006","25006","SAA"
"40I60E_P","U.S. Equity Managed Pool","25006","25206","SAA"
"40I60E_P","U.S. Equity Managed Pool","25006","25406","SAA"
"40I60E_P","U.S. Equity Managed Pool","25006","25606","SAA"
"40I60E_P","U.S. Equity Managed Pool","25006","27006","SAA"
"40I60E_P","U.S. Equity Managed Pool","25006","28006","SAA"
"40I60E_P","U.S. Equity Managed Pool","25006","29006","SAA"
"40I60E_P","U.S. Equity Managed Pool","25006","9047","SAA"
"50I50E_C","Canadian Equity Managed Class","25004","13617","SAA"
"50I50E_C","Canadian Equity Managed Class","25004","25005","SAA"
"50I50E_C","Canadian Equity Managed Class","25004","25205","SAA"
"50I50E_C","Canadian Equity Managed Class","25004","25405","SAA"
"50I50E_C","Canadian Equity Managed Class","25004","25605","SAA"
"50I50E_C","Canadian Equity Managed Class","25004","26005","SAA"
"50I50E_C","Canadian Equity Managed Class","25004","26205","SAA"
"50I50E_C","Canadian Equity Managed Class","25004","26405","SAA"
"50I50E_C","Canadian Equity Managed Class","25004","26605","SAA"
"50I50E_C","Canadian Equity Managed Class","25004","27005","SAA"
"50I50E_C","Canadian Equity Managed Class","25004","27505","SAA"
"50I50E_C","Canadian Equity Managed Class","25004","28005","SAA"
"50I50E_C","Canadian Equity Managed Class","25004","28505","SAA"
"50I50E_C","Canadian Equity Managed Class","25004","29005","SAA"
"50I50E_C","Canadian Equity Managed Class","25004","29505","SAA"
"50I50E_C","Canadian Equity Managed Class","25004","9046","SAA"
"50I50E_C","Fixed Income Managed Class","25000","13620","SAA"
"50I50E_C","Fixed Income Managed Class","25000","25001","SAA"
"50I50E_C","Fixed Income Managed Class","25000","25201","SAA"
"50I50E_C","Fixed Income Managed Class","25000","25401","SAA"
"50I50E_C","Fixed Income Managed Class","25000","25601","SAA"
"50I50E_C","Fixed Income Managed Class","25000","26001","SAA"
"50I50E_C","Fixed Income Managed Class","25000","26201","SAA"
"50I50E_C","Fixed Income Managed Class","25000","26401","SAA"
"50I50E_C","Fixed Income Managed Class","25000","26601","SAA"
"50I50E_C","Fixed Income Managed Class","25000","27001","SAA"
"50I50E_C","Fixed Income Managed Class","25000","27501","SAA"
"50I50E_C","Fixed Income Managed Class","25000","28001","SAA"
"50I50E_C","Fixed Income Managed Class","25000","28501","SAA"
"50I50E_C","Fixed Income Managed Class","25000","29001","SAA"
"50I50E_C","Fixed Income Managed Class","25000","29501","SAA"
"50I50E_C","Fixed Income Managed Class","25000","9084","SAA"
"50I50E_C","International Equity Managed Class","25008","13619","SAA"
"50I50E_C","International Equity Managed Class","25008","25009","SAA"
"50I50E_C","International Equity Managed Class","25008","25209","SAA"
"50I50E_C","International Equity Managed Class","25008","25409","SAA"
"50I50E_C","International Equity Managed Class","25008","25609","SAA"
"50I50E_C","International Equity Managed Class","25008","26009","SAA"
"50I50E_C","International Equity Managed Class","25008","26209","SAA"
"50I50E_C","International Equity Managed Class","25008","26409","SAA"
"50I50E_C","International Equity Managed Class","25008","26609","SAA"
"50I50E_C","International Equity Managed Class","25008","27009","SAA"
"50I50E_C","International Equity Managed Class","25008","27509","SAA"
"50I50E_C","International Equity Managed Class","25008","28009","SAA"
"50I50E_C","International Equity Managed Class","25008","28509","SAA"
"50I50E_C","International Equity Managed Class","25008","29009","SAA"
"50I50E_C","International Equity Managed Class","25008","29509","SAA"
"50I50E_C","International Equity Managed Class","25008","9082","SAA"
"50I50E_C","Tactical Asset Allocation Neutral Balanced Class","25018","13612","TAA"
"50I50E_C","Tactical Asset Allocation Neutral Balanced Class","25018","25019","TAA"
"50I50E_C","Tactical Asset Allocation Neutral Balanced Class","25018","25219","TAA"
"50I50E_C","Tactical Asset Allocation Neutral Balanced Class","25018","25419","TAA"
"50I50E_C","Tactical Asset Allocation Neutral Balanced Class","25018","25619","TAA"
"50I50E_C","Tactical Asset Allocation Neutral Balanced Class","25018","26019","TAA"
"50I50E_C","Tactical Asset Allocation Neutral Balanced Class","25018","26219","TAA"
"50I50E_C","Tactical Asset Allocation Neutral Balanced Class","25018","26419","TAA"
"50I50E_C","Tactical Asset Allocation Neutral Balanced Class","25018","26619","TAA"
"50I50E_C","Tactical Asset Allocation Neutral Balanced Class","25018","27019","TAA"
"50I50E_C","Tactical Asset Allocation Neutral Balanced Class","25018","27519","TAA"
"50I50E_C","Tactical Asset Allocation Neutral Balanced Class","25018","28019","TAA"
"50I50E_C","Tactical Asset Allocation Neutral Balanced Class","25018","28519","TAA"
"50I50E_C","Tactical Asset Allocation Neutral Balanced Class","25018","29019","TAA"
"50I50E_C","Tactical Asset Allocation Neutral Balanced Class","25018","29519","TAA"
"50I50E_C","Tactical Asset Allocation Neutral Balanced Class","25018","9418","TAA"
"50I50E_C","U.S. Equity Managed Class","25006","13618","SAA"
"50I50E_C","U.S. Equity Managed Class","25006","25007","SAA"
"50I50E_C","U.S. Equity Managed Class","25006","25207","SAA"
"50I50E_C","U.S. Equity Managed Class","25006","25407","SAA"
"50I50E_C","U.S. Equity Managed Class","25006","25607","SAA"
"50I50E_C","U.S. Equity Managed Class","25006","26007","SAA"
"50I50E_C","U.S. Equity Managed Class","25006","26207","SAA"
"50I50E_C","U.S. Equity Managed Class","25006","26407","SAA"
"50I50E_C","U.S. Equity Managed Class","25006","26607","SAA"
"50I50E_C","U.S. Equity Managed Class","25006","27007","SAA"
"50I50E_C","U.S. Equity Managed Class","25006","27507","SAA"
"50I50E_C","U.S. Equity Managed Class","25006","28007","SAA"
"50I50E_C","U.S. Equity Managed Class","25006","28507","SAA"
"50I50E_C","U.S. Equity Managed Class","25006","29007","SAA"
"50I50E_C","U.S. Equity Managed Class","25006","29507","SAA"
"50I50E_C","U.S. Equity Managed Class","25006","9048","SAA"
"50I50E_P","Canadian Equity Managed Pool","25004","25004","SAA"
"50I50E_P","Canadian Equity Managed Pool","25004","25204","SAA"
"50I50E_P","Canadian Equity Managed Pool","25004","25404","SAA"
"50I50E_P","Canadian Equity Managed Pool","25004","25604","SAA"
"50I50E_P","Canadian Equity Managed Pool","25004","27004","SAA"
"50I50E_P","Canadian Equity Managed Pool","25004","28004","SAA"
"50I50E_P","Canadian Equity Managed Pool","25004","29004","SAA"
"50I50E_P","Canadian Equity Managed Pool","25004","9081","SAA"
"50I50E_P","Fixed Income Managed Pool","25000","25000","SAA"
"50I50E_P","Fixed Income Managed Pool","25000","25200","SAA"
"50I50E_P","Fixed Income Managed Pool","25000","25400","SAA"
"50I50E_P","Fixed Income Managed Pool","25000","25600","SAA"
"50I50E_P","Fixed Income Managed Pool","25000","27000","SAA"
"50I50E_P","Fixed Income Managed Pool","25000","28000","SAA"
"50I50E_P","Fixed Income Managed Pool","25000","29000","SAA"
"50I50E_P","Fixed Income Managed Pool","25000","9083","SAA"
"50I50E_P","International Equity Managed Pool","25008","25008","SAA"
"50I50E_P","International Equity Managed Pool","25008","25208","SAA"
"50I50E_P","International Equity Managed Pool","25008","25408","SAA"
"50I50E_P","International Equity Managed Pool","25008","25608","SAA"
"50I50E_P","International Equity Managed Pool","25008","27008","SAA"
"50I50E_P","International Equity Managed Pool","25008","28008","SAA"
"50I50E_P","International Equity Managed Pool","25008","29008","SAA"
"50I50E_P","International Equity Managed Pool","25008","9049","SAA"
"50I50E_P","Tactical Asset Allocation Neutral Balanced Pool","25018","25018","TAA"
"50I50E_P","Tactical Asset Allocation Neutral Balanced Pool","25018","25218","TAA"
"50I50E_P","Tactical Asset Allocation Neutral Balanced Pool","25018","25418","TAA"
"50I50E_P","Tactical Asset Allocation Neutral Balanced Pool","25018","25618","TAA"
"50I50E_P","Tactical Asset Allocation Neutral Balanced Pool","25018","27018","TAA"
"50I50E_P","Tactical Asset Allocation Neutral Balanced Pool","25018","28018","TAA"
"50I50E_P","Tactical Asset Allocation Neutral Balanced Pool","25018","29018","TAA"
"50I50E_P","Tactical Asset Allocation Neutral Balanced Pool","25018","9417","TAA"
"50I50E_P","U.S. Equity Managed Pool","25006","25006","SAA"
"50I50E_P","U.S. Equity Managed Pool","25006","25206","SAA"
"50I50E_P","U.S. Equity Managed Pool","25006","25406","SAA"
"50I50E_P","U.S. Equity Managed Pool","25006","25606","SAA"
"50I50E_P","U.S. Equity Managed Pool","25006","27006","SAA"
"50I50E_P","U.S. Equity Managed Pool","25006","28006","SAA"
"50I50E_P","U.S. Equity Managed Pool","25006","29006","SAA"
"50I50E_P","U.S. Equity Managed Pool","25006","9047","SAA"
"60I40E_C","Canadian Equity Managed Class","25004","13617","SAA"
"60I40E_C","Canadian Equity Managed Class","25004","25005","SAA"
"60I40E_C","Canadian Equity Managed Class","25004","25205","SAA"
"60I40E_C","Canadian Equity Managed Class","25004","25405","SAA"
"60I40E_C","Canadian Equity Managed Class","25004","25605","SAA"
"60I40E_C","Canadian Equity Managed Class","25004","26005","SAA"
"60I40E_C","Canadian Equity Managed Class","25004","26205","SAA"
"60I40E_C","Canadian Equity Managed Class","25004","26405","SAA"
"60I40E_C","Canadian Equity Managed Class","25004","26605","SAA"
"60I40E_C","Canadian Equity Managed Class","25004","27005","SAA"
"60I40E_C","Canadian Equity Managed Class","25004","27505","SAA"
"60I40E_C","Canadian Equity Managed Class","25004","28005","SAA"
"60I40E_C","Canadian Equity Managed Class","25004","28505","SAA"
"60I40E_C","Canadian Equity Managed Class","25004","29005","SAA"
"60I40E_C","Canadian Equity Managed Class","25004","29505","SAA"
"60I40E_C","Canadian Equity Managed Class","25004","9046","SAA"
"60I40E_C","Fixed Income Managed Class","25000","13620","SAA"
"60I40E_C","Fixed Income Managed Class","25000","25001","SAA"
"60I40E_C","Fixed Income Managed Class","25000","25201","SAA"
"60I40E_C","Fixed Income Managed Class","25000","25401","SAA"
"60I40E_C","Fixed Income Managed Class","25000","25601","SAA"
"60I40E_C","Fixed Income Managed Class","25000","26001","SAA"
"60I40E_C","Fixed Income Managed Class","25000","26201","SAA"
"60I40E_C","Fixed Income Managed Class","25000","26401","SAA"
"60I40E_C","Fixed Income Managed Class","25000","26601","SAA"
"60I40E_C","Fixed Income Managed Class","25000","27001","SAA"
"60I40E_C","Fixed Income Managed Class","25000","27501","SAA"
"60I40E_C","Fixed Income Managed Class","25000","28001","SAA"
"60I40E_C","Fixed Income Managed Class","25000","28501","SAA"
"60I40E_C","Fixed Income Managed Class","25000","29001","SAA"
"60I40E_C","Fixed Income Managed Class","25000","29501","SAA"
"60I40E_C","Fixed Income Managed Class","25000","9084","SAA"
"60I40E_C","International Equity Managed Class","25008","13619","SAA"
"60I40E_C","International Equity Managed Class","25008","25009","SAA"
"60I40E_C","International Equity Managed Class","25008","25209","SAA"
"60I40E_C","International Equity Managed Class","25008","25409","SAA"
"60I40E_C","International Equity Managed Class","25008","25609","SAA"
"60I40E_C","International Equity Managed Class","25008","26009","SAA"
"60I40E_C","International Equity Managed Class","25008","26209","SAA"
"60I40E_C","International Equity Managed Class","25008","26409","SAA"
"60I40E_C","International Equity Managed Class","25008","26609","SAA"
"60I40E_C","International Equity Managed Class","25008","27009","SAA"
"60I40E_C","International Equity Managed Class","25008","27509","SAA"
"60I40E_C","International Equity Managed Class","25008","28009","SAA"
"60I40E_C","International Equity Managed Class","25008","28509","SAA"
"60I40E_C","International Equity Managed Class","25008","29009","SAA"
"60I40E_C","International Equity Managed Class","25008","29509","SAA"
"60I40E_C","International Equity Managed Class","25008","9082","SAA"
"60I40E_C","Tactical Asset Allocation Conservative Balanced Class","25016","13611","TAA"
"60I40E_C","Tactical Asset Allocation Conservative Balanced Class","25016","25017","TAA"
"60I40E_C","Tactical Asset Allocation Conservative Balanced Class","25016","25217","TAA"
"60I40E_C","Tactical Asset Allocation Conservative Balanced Class","25016","25417","TAA"
"60I40E_C","Tactical Asset Allocation Conservative Balanced Class","25016","25617","TAA"
"60I40E_C","Tactical Asset Allocation Conservative Balanced Class","25016","26017","TAA"
"60I40E_C","Tactical Asset Allocation Conservative Balanced Class","25016","26217","TAA"
"60I40E_C","Tactical Asset Allocation Conservative Balanced Class","25016","26417","TAA"
"60I40E_C","Tactical Asset Allocation Conservative Balanced Class","25016","26617","TAA"
"60I40E_C","Tactical Asset Allocation Conservative Balanced Class","25016","27017","TAA"
"60I40E_C","Tactical Asset Allocation Conservative Balanced Class","25016","27517","TAA"
"60I40E_C","Tactical Asset Allocation Conservative Balanced Class","25016","28017","TAA"
"60I40E_C","Tactical Asset Allocation Conservative Balanced Class","25016","28517","TAA"
"60I40E_C","Tactical Asset Allocation Conservative Balanced Class","25016","29017","TAA"
"60I40E_C","Tactical Asset Allocation Conservative Balanced Class","25016","29517","TAA"
"60I40E_C","Tactical Asset Allocation Conservative Balanced Class","25016","9439","TAA"
"60I40E_C","U.S. Equity Managed Class","25006","13618","SAA"
"60I40E_C","U.S. Equity Managed Class","25006","25007","SAA"
"60I40E_C","U.S. Equity Managed Class","25006","25207","SAA"
"60I40E_C","U.S. Equity Managed Class","25006","25407","SAA"
"60I40E_C","U.S. Equity Managed Class","25006","25607","SAA"
"60I40E_C","U.S. Equity Managed Class","25006","26007","SAA"
"60I40E_C","U.S. Equity Managed Class","25006","26207","SAA"
"60I40E_C","U.S. Equity Managed Class","25006","26407","SAA"
"60I40E_C","U.S. Equity Managed Class","25006","26607","SAA"
"60I40E_C","U.S. Equity Managed Class","25006","27007","SAA"
"60I40E_C","U.S. Equity Managed Class","25006","27507","SAA"
"60I40E_C","U.S. Equity Managed Class","25006","28007","SAA"
"60I40E_C","U.S. Equity Managed Class","25006","28507","SAA"
"60I40E_C","U.S. Equity Managed Class","25006","29007","SAA"
"60I40E_C","U.S. Equity Managed Class","25006","29507","SAA"
"60I40E_C","U.S. Equity Managed Class","25006","9048","SAA"
"60I40E_P","Canadian Equity Managed Pool","25004","25004","SAA"
"60I40E_P","Canadian Equity Managed Pool","25004","25204","SAA"
"60I40E_P","Canadian Equity Managed Pool","25004","25404","SAA"
"60I40E_P","Canadian Equity Managed Pool","25004","25604","SAA"
"60I40E_P","Canadian Equity Managed Pool","25004","27004","SAA"
"60I40E_P","Canadian Equity Managed Pool","25004","28004","SAA"
"60I40E_P","Canadian Equity Managed Pool","25004","29004","SAA"
"60I40E_P","Canadian Equity Managed Pool","25004","9081","SAA"
"60I40E_P","Fixed Income Managed Pool","25000","25000","SAA"
"60I40E_P","Fixed Income Managed Pool","25000","25200","SAA"
"60I40E_P","Fixed Income Managed Pool","25000","25400","SAA"
"60I40E_P","Fixed Income Managed Pool","25000","25600","SAA"
"60I40E_P","Fixed Income Managed Pool","25000","27000","SAA"
"60I40E_P","Fixed Income Managed Pool","25000","28000","SAA"
"60I40E_P","Fixed Income Managed Pool","25000","29000","SAA"
"60I40E_P","Fixed Income Managed Pool","25000","9083","SAA"
"60I40E_P","International Equity Managed Pool","25008","25008","SAA"
"60I40E_P","International Equity Managed Pool","25008","25208","SAA"
"60I40E_P","International Equity Managed Pool","25008","25408","SAA"
"60I40E_P","International Equity Managed Pool","25008","25608","SAA"
"60I40E_P","International Equity Managed Pool","25008","27008","SAA"
"60I40E_P","International Equity Managed Pool","25008","28008","SAA"
"60I40E_P","International Equity Managed Pool","25008","29008","SAA"
"60I40E_P","International Equity Managed Pool","25008","9049","SAA"
"60I40E_P","Tactical Asset Allocation Conservative Balanced Pool","25016","25016","TAA"
"60I40E_P","Tactical Asset Allocation Conservative Balanced Pool","25016","25216","TAA"
"60I40E_P","Tactical Asset Allocation Conservative Balanced Pool","25016","25416","TAA"
"60I40E_P","Tactical Asset Allocation Conservative Balanced Pool","25016","25616","TAA"
"60I40E_P","Tactical Asset Allocation Conservative Balanced Pool","25016","27016","TAA"
"60I40E_P","Tactical Asset Allocation Conservative Balanced Pool","25016","28016","TAA"
"60I40E_P","Tactical Asset Allocation Conservative Balanced Pool","25016","29016","TAA"
"60I40E_P","Tactical Asset Allocation Conservative Balanced Pool","25016","9438","TAA"
"60I40E_P","U.S. Equity Managed Pool","25006","25006","SAA"
"60I40E_P","U.S. Equity Managed Pool","25006","25206","SAA"
"60I40E_P","U.S. Equity Managed Pool","25006","25406","SAA"
"60I40E_P","U.S. Equity Managed Pool","25006","25606","SAA"
"60I40E_P","U.S. Equity Managed Pool","25006","27006","SAA"
"60I40E_P","U.S. Equity Managed Pool","25006","28006","SAA"
"60I40E_P","U.S. Equity Managed Pool","25006","29006","SAA"
"60I40E_P","U.S. Equity Managed Pool","25006","9047","SAA"
"70I30E_C","Canadian Equity Managed Class","25004","13617","SAA"
"70I30E_C","Canadian Equity Managed Class","25004","25005","SAA"
"70I30E_C","Canadian Equity Managed Class","25004","25205","SAA"
"70I30E_C","Canadian Equity Managed Class","25004","25405","SAA"
"70I30E_C","Canadian Equity Managed Class","25004","25605","SAA"
"70I30E_C","Canadian Equity Managed Class","25004","26005","SAA"
"70I30E_C","Canadian Equity Managed Class","25004","26205","SAA"
"70I30E_C","Canadian Equity Managed Class","25004","26405","SAA"
"70I30E_C","Canadian Equity Managed Class","25004","26605","SAA"
"70I30E_C","Canadian Equity Managed Class","25004","27005","SAA"
"70I30E_C","Canadian Equity Managed Class","25004","27505","SAA"
"70I30E_C","Canadian Equity Managed Class","25004","28005","SAA"
"70I30E_C","Canadian Equity Managed Class","25004","28505","SAA"
"70I30E_C","Canadian Equity Managed Class","25004","29005","SAA"
"70I30E_C","Canadian Equity Managed Class","25004","29505","SAA"
"70I30E_C","Canadian Equity Managed Class","25004","9046","SAA"
"70I30E_C","Fixed Income Managed Class","25000","13620","SAA"
"70I30E_C","Fixed Income Managed Class","25000","25001","SAA"
"70I30E_C","Fixed Income Managed Class","25000","25201","SAA"
"70I30E_C","Fixed Income Managed Class","25000","25401","SAA"
"70I30E_C","Fixed Income Managed Class","25000","25601","SAA"
"70I30E_C","Fixed Income Managed Class","25000","26001","SAA"
"70I30E_C","Fixed Income Managed Class","25000","26201","SAA"
"70I30E_C","Fixed Income Managed Class","25000","26401","SAA"
"70I30E_C","Fixed Income Managed Class","25000","26601","SAA"
"70I30E_C","Fixed Income Managed Class","25000","27001","SAA"
"70I30E_C","Fixed Income Managed Class","25000","27501","SAA"
"70I30E_C","Fixed Income Managed Class","25000","28001","SAA"
"70I30E_C","Fixed Income Managed Class","25000","28501","SAA"
"70I30E_C","Fixed Income Managed Class","25000","29001","SAA"
"70I30E_C","Fixed Income Managed Class","25000","29501","SAA"
"70I30E_C","Fixed Income Managed Class","25000","9084","SAA"
"70I30E_C","International Equity Managed Class","25008","13619","SAA"
"70I30E_C","International Equity Managed Class","25008","25009","SAA"
"70I30E_C","International Equity Managed Class","25008","25209","SAA"
"70I30E_C","International Equity Managed Class","25008","25409","SAA"
"70I30E_C","International Equity Managed Class","25008","25609","SAA"
"70I30E_C","International Equity Managed Class","25008","26009","SAA"
"70I30E_C","International Equity Managed Class","25008","26209","SAA"
"70I30E_C","International Equity Managed Class","25008","26409","SAA"
"70I30E_C","International Equity Managed Class","25008","26609","SAA"
"70I30E_C","International Equity Managed Class","25008","27009","SAA"
"70I30E_C","International Equity Managed Class","25008","27509","SAA"
"70I30E_C","International Equity Managed Class","25008","28009","SAA"
"70I30E_C","International Equity Managed Class","25008","28509","SAA"
"70I30E_C","International Equity Managed Class","25008","29009","SAA"
"70I30E_C","International Equity Managed Class","25008","29509","SAA"
"70I30E_C","International Equity Managed Class","25008","9082","SAA"
"70I30E_C","Tactical Asset Allocation Conservative Class","25014","13610","TAA"
"70I30E_C","Tactical Asset Allocation Conservative Class","25014","25015","TAA"
"70I30E_C","Tactical Asset Allocation Conservative Class","25014","25215","TAA"
"70I30E_C","Tactical Asset Allocation Conservative Class","25014","25415","TAA"
"70I30E_C","Tactical Asset Allocation Conservative Class","25014","25615","TAA"
"70I30E_C","Tactical Asset Allocation Conservative Class","25014","26015","TAA"
"70I30E_C","Tactical Asset Allocation Conservative Class","25014","26215","TAA"
"70I30E_C","Tactical Asset Allocation Conservative Class","25014","26415","TAA"
"70I30E_C","Tactical Asset Allocation Conservative Class","25014","26615","TAA"
"70I30E_C","Tactical Asset Allocation Conservative Class","25014","27015","TAA"
"70I30E_C","Tactical Asset Allocation Conservative Class","25014","27515","TAA"
"70I30E_C","Tactical Asset Allocation Conservative Class","25014","28015","TAA"
"70I30E_C","Tactical Asset Allocation Conservative Class","25014","28515","TAA"
"70I30E_C","Tactical Asset Allocation Conservative Class","25014","29015","TAA"
"70I30E_C","Tactical Asset Allocation Conservative Class","25014","29515","TAA"
"70I30E_C","Tactical Asset Allocation Conservative Class","25014","9437","TAA"
"70I30E_C","U.S. Equity Managed Class","25006","13618","SAA"
"70I30E_C","U.S. Equity Managed Class","25006","25007","SAA"
"70I30E_C","U.S. Equity Managed Class","25006","25207","SAA"
"70I30E_C","U.S. Equity Managed Class","25006","25407","SAA"
"70I30E_C","U.S. Equity Managed Class","25006","25607","SAA"
"70I30E_C","U.S. Equity Managed Class","25006","26007","SAA"
"70I30E_C","U.S. Equity Managed Class","25006","26207","SAA"
"70I30E_C","U.S. Equity Managed Class","25006","26407","SAA"
"70I30E_C","U.S. Equity Managed Class","25006","26607","SAA"
"70I30E_C","U.S. Equity Managed Class","25006","27007","SAA"
"70I30E_C","U.S. Equity Managed Class","25006","27507","SAA"
"70I30E_C","U.S. Equity Managed Class","25006","28007","SAA"
"70I30E_C","U.S. Equity Managed Class","25006","28507","SAA"
"70I30E_C","U.S. Equity Managed Class","25006","29007","SAA"
"70I30E_C","U.S. Equity Managed Class","25006","29507","SAA"
"70I30E_C","U.S. Equity Managed Class","25006","9048","SAA"
"70I30E_P","Canadian Equity Managed Pool","25004","25004","SAA"
"70I30E_P","Canadian Equity Managed Pool","25004","25204","SAA"
"70I30E_P","Canadian Equity Managed Pool","25004","25404","SAA"
"70I30E_P","Canadian Equity Managed Pool","25004","25604","SAA"
"70I30E_P","Canadian Equity Managed Pool","25004","27004","SAA"
"70I30E_P","Canadian Equity Managed Pool","25004","28004","SAA"
"70I30E_P","Canadian Equity Managed Pool","25004","29004","SAA"
"70I30E_P","Canadian Equity Managed Pool","25004","9081","SAA"
"70I30E_P","Fixed Income Managed Pool","25000","25000","SAA"
"70I30E_P","Fixed Income Managed Pool","25000","25200","SAA"
"70I30E_P","Fixed Income Managed Pool","25000","25400","SAA"
"70I30E_P","Fixed Income Managed Pool","25000","25600","SAA"
"70I30E_P","Fixed Income Managed Pool","25000","27000","SAA"
"70I30E_P","Fixed Income Managed Pool","25000","28000","SAA"
"70I30E_P","Fixed Income Managed Pool","25000","29000","SAA"
"70I30E_P","Fixed Income Managed Pool","25000","9083","SAA"
"70I30E_P","International Equity Managed Pool","25008","25008","SAA"
"70I30E_P","International Equity Managed Pool","25008","25208","SAA"
"70I30E_P","International Equity Managed Pool","25008","25408","SAA"
"70I30E_P","International Equity Managed Pool","25008","25608","SAA"
"70I30E_P","International Equity Managed Pool","25008","27008","SAA"
"70I30E_P","International Equity Managed Pool","25008","28008","SAA"
"70I30E_P","International Equity Managed Pool","25008","29008","SAA"
"70I30E_P","International Equity Managed Pool","25008","9049","SAA"
"70I30E_P","Tactical Asset Allocation Conservative Pool","25014","25014","TAA"
"70I30E_P","Tactical Asset Allocation Conservative Pool","25014","25214","TAA"
"70I30E_P","Tactical Asset Allocation Conservative Pool","25014","25414","TAA"
"70I30E_P","Tactical Asset Allocation Conservative Pool","25014","25614","TAA"
"70I30E_P","Tactical Asset Allocation Conservative Pool","25014","27014","TAA"
"70I30E_P","Tactical Asset Allocation Conservative Pool","25014","28014","TAA"
"70I30E_P","Tactical Asset Allocation Conservative Pool","25014","29014","TAA"
"70I30E_P","Tactical Asset Allocation Conservative Pool","25014","9939","TAA"
"70I30E_P","U.S. Equity Managed Pool","25006","25006","SAA"
"70I30E_P","U.S. Equity Managed Pool","25006","25206","SAA"
"70I30E_P","U.S. Equity Managed Pool","25006","25406","SAA"
"70I30E_P","U.S. Equity Managed Pool","25006","25606","SAA"
"70I30E_P","U.S. Equity Managed Pool","25006","27006","SAA"
"70I30E_P","U.S. Equity Managed Pool","25006","28006","SAA"
"70I30E_P","U.S. Equity Managed Pool","25006","29006","SAA"
"70I30E_P","U.S. Equity Managed Pool","25006","9047","SAA"
"80I20E_C","Canadian Equity Managed Class","25004","13617","SAA"
"80I20E_C","Canadian Equity Managed Class","25004","25005","SAA"
"80I20E_C","Canadian Equity Managed Class","25004","25205","SAA"
"80I20E_C","Canadian Equity Managed Class","25004","25405","SAA"
"80I20E_C","Canadian Equity Managed Class","25004","25605","SAA"
"80I20E_C","Canadian Equity Managed Class","25004","26005","SAA"
"80I20E_C","Canadian Equity Managed Class","25004","26205","SAA"
"80I20E_C","Canadian Equity Managed Class","25004","26405","SAA"
"80I20E_C","Canadian Equity Managed Class","25004","26605","SAA"
"80I20E_C","Canadian Equity Managed Class","25004","27005","SAA"
"80I20E_C","Canadian Equity Managed Class","25004","27505","SAA"
"80I20E_C","Canadian Equity Managed Class","25004","28005","SAA"
"80I20E_C","Canadian Equity Managed Class","25004","28505","SAA"
"80I20E_C","Canadian Equity Managed Class","25004","29005","SAA"
"80I20E_C","Canadian Equity Managed Class","25004","29505","SAA"
"80I20E_C","Canadian Equity Managed Class","25004","9046","SAA"
"80I20E_C","Fixed Income Managed Class","25000","13620","SAA"
"80I20E_C","Fixed Income Managed Class","25000","25001","SAA"
"80I20E_C","Fixed Income Managed Class","25000","25201","SAA"
"80I20E_C","Fixed Income Managed Class","25000","25401","SAA"
"80I20E_C","Fixed Income Managed Class","25000","25601","SAA"
"80I20E_C","Fixed Income Managed Class","25000","26001","SAA"
"80I20E_C","Fixed Income Managed Class","25000","26201","SAA"
"80I20E_C","Fixed Income Managed Class","25000","26401","SAA"
"80I20E_C","Fixed Income Managed Class","25000","26601","SAA"
"80I20E_C","Fixed Income Managed Class","25000","27001","SAA"
"80I20E_C","Fixed Income Managed Class","25000","27501","SAA"
"80I20E_C","Fixed Income Managed Class","25000","28001","SAA"
"80I20E_C","Fixed Income Managed Class","25000","28501","SAA"
"80I20E_C","Fixed Income Managed Class","25000","29001","SAA"
"80I20E_C","Fixed Income Managed Class","25000","29501","SAA"
"80I20E_C","Fixed Income Managed Class","25000","9084","SAA"
"80I20E_C","International Equity Managed Class","25008","13619","SAA"
"80I20E_C","International Equity Managed Class","25008","25009","SAA"
"80I20E_C","International Equity Managed Class","25008","25209","SAA"
"80I20E_C","International Equity Managed Class","25008","25409","SAA"
"80I20E_C","International Equity Managed Class","25008","25609","SAA"
"80I20E_C","International Equity Managed Class","25008","26009","SAA"
"80I20E_C","International Equity Managed Class","25008","26209","SAA"
"80I20E_C","International Equity Managed Class","25008","26409","SAA"
"80I20E_C","International Equity Managed Class","25008","26609","SAA"
"80I20E_C","International Equity Managed Class","25008","27009","SAA"
"80I20E_C","International Equity Managed Class","25008","27509","SAA"
"80I20E_C","International Equity Managed Class","25008","28009","SAA"
"80I20E_C","International Equity Managed Class","25008","28509","SAA"
"80I20E_C","International Equity Managed Class","25008","29009","SAA"
"80I20E_C","International Equity Managed Class","25008","29509","SAA"
"80I20E_C","International Equity Managed Class","25008","9082","SAA"
"80I20E_C","Tactical Asset Allocation Conservative Income Class","25012","13609","TAA"
"80I20E_C","Tactical Asset Allocation Conservative Income Class","25012","25013","TAA"
"80I20E_C","Tactical Asset Allocation Conservative Income Class","25012","25213","TAA"
"80I20E_C","Tactical Asset Allocation Conservative Income Class","25012","25413","TAA"
"80I20E_C","Tactical Asset Allocation Conservative Income Class","25012","25613","TAA"
"80I20E_C","Tactical Asset Allocation Conservative Income Class","25012","26013","TAA"
"80I20E_C","Tactical Asset Allocation Conservative Income Class","25012","26213","TAA"
"80I20E_C","Tactical Asset Allocation Conservative Income Class","25012","26413","TAA"
"80I20E_C","Tactical Asset Allocation Conservative Income Class","25012","26613","TAA"
"80I20E_C","Tactical Asset Allocation Conservative Income Class","25012","27013","TAA"
"80I20E_C","Tactical Asset Allocation Conservative Income Class","25012","27513","TAA"
"80I20E_C","Tactical Asset Allocation Conservative Income Class","25012","28013","TAA"
"80I20E_C","Tactical Asset Allocation Conservative Income Class","25012","28513","TAA"
"80I20E_C","Tactical Asset Allocation Conservative Income Class","25012","29013","TAA"
"80I20E_C","Tactical Asset Allocation Conservative Income Class","25012","29513","TAA"
"80I20E_C","Tactical Asset Allocation Conservative Income Class","25012","9938","TAA"
"80I20E_C","U.S. Equity Managed Class","25006","13618","SAA"
"80I20E_C","U.S. Equity Managed Class","25006","25007","SAA"
"80I20E_C","U.S. Equity Managed Class","25006","25207","SAA"
"80I20E_C","U.S. Equity Managed Class","25006","25407","SAA"
"80I20E_C","U.S. Equity Managed Class","25006","25607","SAA"
"80I20E_C","U.S. Equity Managed Class","25006","26007","SAA"
"80I20E_C","U.S. Equity Managed Class","25006","26207","SAA"
"80I20E_C","U.S. Equity Managed Class","25006","26407","SAA"
"80I20E_C","U.S. Equity Managed Class","25006","26607","SAA"
"80I20E_C","U.S. Equity Managed Class","25006","27007","SAA"
"80I20E_C","U.S. Equity Managed Class","25006","27507","SAA"
"80I20E_C","U.S. Equity Managed Class","25006","28007","SAA"
"80I20E_C","U.S. Equity Managed Class","25006","28507","SAA"
"80I20E_C","U.S. Equity Managed Class","25006","29007","SAA"
"80I20E_C","U.S. Equity Managed Class","25006","29507","SAA"
"80I20E_C","U.S. Equity Managed Class","25006","9048","SAA"
"80I20E_P","Canadian Equity Managed Pool","25004","25004","SAA"
"80I20E_P","Canadian Equity Managed Pool","25004","25204","SAA"
"80I20E_P","Canadian Equity Managed Pool","25004","25404","SAA"
"80I20E_P","Canadian Equity Managed Pool","25004","25604","SAA"
"80I20E_P","Canadian Equity Managed Pool","25004","27004","SAA"
"80I20E_P","Canadian Equity Managed Pool","25004","28004","SAA"
"80I20E_P","Canadian Equity Managed Pool","25004","29004","SAA"
"80I20E_P","Canadian Equity Managed Pool","25004","9081","SAA"
"80I20E_P","Fixed Income Managed Pool","25000","25000","SAA"
"80I20E_P","Fixed Income Managed Pool","25000","25200","SAA"
"80I20E_P","Fixed Income Managed Pool","25000","25400","SAA"
"80I20E_P","Fixed Income Managed Pool","25000","25600","SAA"
"80I20E_P","Fixed Income Managed Pool","25000","27000","SAA"
"80I20E_P","Fixed Income Managed Pool","25000","28000","SAA"
"80I20E_P","Fixed Income Managed Pool","25000","29000","SAA"
"80I20E_P","Fixed Income Managed Pool","25000","9083","SAA"
"80I20E_P","International Equity Managed Pool","25008","25008","SAA"
"80I20E_P","International Equity Managed Pool","25008","25208","SAA"
"80I20E_P","International Equity Managed Pool","25008","25408","SAA"
"80I20E_P","International Equity Managed Pool","25008","25608","SAA"
"80I20E_P","International Equity Managed Pool","25008","27008","SAA"
"80I20E_P","International Equity Managed Pool","25008","28008","SAA"
"80I20E_P","International Equity Managed Pool","25008","29008","SAA"
"80I20E_P","International Equity Managed Pool","25008","9049","SAA"
"80I20E_P","Tactical Asset Allocation Conservative Income Pool","25012","25012","TAA"
"80I20E_P","Tactical Asset Allocation Conservative Income Pool","25012","25212","TAA"
"80I20E_P","Tactical Asset Allocation Conservative Income Pool","25012","25412","TAA"
"80I20E_P","Tactical Asset Allocation Conservative Income Pool","25012","25612","TAA"
"80I20E_P","Tactical Asset Allocation Conservative Income Pool","25012","27012","TAA"
"80I20E_P","Tactical Asset Allocation Conservative Income Pool","25012","28012","TAA"
"80I20E_P","Tactical Asset Allocation Conservative Income Pool","25012","29012","TAA"
"80I20E_P","Tactical Asset Allocation Conservative Income Pool","25012","9937","TAA"
"80I20E_P","U.S. Equity Managed Pool","25006","25006","SAA"
"80I20E_P","U.S. Equity Managed Pool","25006","25206","SAA"
"80I20E_P","U.S. Equity Managed Pool","25006","25406","SAA"
"80I20E_P","U.S. Equity Managed Pool","25006","25606","SAA"
"80I20E_P","U.S. Equity Managed Pool","25006","27006","SAA"
"80I20E_P","U.S. Equity Managed Pool","25006","28006","SAA"
"80I20E_P","U.S. Equity Managed Pool","25006","29006","SAA"
"80I20E_P","U.S. Equity Managed Pool","25006","9047","SAA"
